col1,col2,col3,col4,col5,col6,col7,col8,col9,col10
1,Kyle,20,test address,150000,1,Kyle,20,test address,150000
2,Kyle,21,test address,150001,1,Kyle,20,test address,150000
3,Kyle,22,test address,150002,1,Kyle,20,test address,150000
4,Kyle,23,test address,150003,1,Kyle,20,test address,150000
5,Kyle,24,test address,150004,1,Kyle,20,test address,150000
6,Kyle,25,test address,150005,1,Kyle,20,test address,150000
7,Kyle,26,test address,150006,1,Kyle,20,test address,150000
8,Kyle,27,test address,150007,1,Kyle,20,test address,150000
9,Kyle,28,test address,150008,1,Kyle,20,test address,150000
10,Kyle,29,test address,150009,1,Kyle,20,test address,150000
11,Kyle,30,test address,150010,1,Kyle,20,test address,150000
12,Kyle,31,test address,150011,1,Kyle,20,test address,150000
13,Kyle,32,test address,150012,1,Kyle,20,test address,150000
14,Kyle,33,test address,150013,1,Kyle,20,test address,150000
15,Kyle,34,test address,150014,1,Kyle,20,test address,150000
16,Kyle,35,test address,150015,1,Kyle,20,test address,150000
17,Kyle,36,test address,150016,1,Kyle,20,test address,150000
18,Kyle,37,test address,150017,1,Kyle,20,test address,150000
19,Kyle,38,test address,150018,1,Kyle,20,test address,150000
20,Kyle,39,test address,150019,1,Kyle,20,test address,150000
21,Kyle,40,test address,150020,1,Kyle,20,test address,150000
22,Kyle,41,test address,150021,1,Kyle,20,test address,150000
23,Kyle,42,test address,150022,1,Kyle,20,test address,150000
24,Kyle,43,test address,150023,1,Kyle,20,test address,150000
25,Kyle,44,test address,150024,1,Kyle,20,test address,150000
26,Kyle,45,test address,150025,1,Kyle,20,test address,150000
27,Kyle,46,test address,150026,1,Kyle,20,test address,150000
28,Kyle,47,test address,150027,1,Kyle,20,test address,150000
29,Kyle,48,test address,150028,1,Kyle,20,test address,150000
30,Kyle,49,test address,150029,1,Kyle,20,test address,150000
31,Kyle,50,test address,150030,1,Kyle,20,test address,150000
32,Kyle,51,test address,150031,1,Kyle,20,test address,150000
33,Kyle,52,test address,150032,1,Kyle,20,test address,150000
34,Kyle,53,test address,150033,1,Kyle,20,test address,150000
35,Kyle,54,test address,150034,1,Kyle,20,test address,150000
36,Kyle,55,test address,150035,1,Kyle,20,test address,150000
37,Kyle,56,test address,150036,1,Kyle,20,test address,150000
38,Kyle,57,test address,150037,1,Kyle,20,test address,150000
39,Kyle,58,test address,150038,1,Kyle,20,test address,150000
40,Kyle,59,test address,150039,1,Kyle,20,test address,150000
41,Kyle,60,test address,150040,1,Kyle,20,test address,150000
42,Kyle,61,test address,150041,1,Kyle,20,test address,150000
43,Kyle,62,test address,150042,1,Kyle,20,test address,150000
44,Kyle,63,test address,150043,1,Kyle,20,test address,150000
45,Kyle,64,test address,150044,1,Kyle,20,test address,150000
46,Kyle,65,test address,150045,1,Kyle,20,test address,150000
47,Kyle,66,test address,150046,1,Kyle,20,test address,150000
48,Kyle,67,test address,150047,1,Kyle,20,test address,150000
49,Kyle,68,test address,150048,1,Kyle,20,test address,150000
50,Kyle,69,test address,150049,1,Kyle,20,test address,150000
