id,name,age,address,salary
1,Kyle,20,test address,150000
2,Kyle,21,test address,150001
3,Kyle,22,test address,150002
4,Kyle,23,test address,150003
5,Kyle,24,test address,150004
6,Kyle,25,test address,150005
7,Kyle,26,test address,150006
8,Kyle,27,test address,150007
9,Kyle,28,test address,150008
10,Kyle,29,test address,150009
11,Kyle,30,test address,150010
12,Kyle,31,test address,150011
13,Kyle,32,test address,150012
14,Kyle,33,test address,150013
15,Kyle,34,test address,150014
16,Kyle,35,test address,150015
17,Kyle,36,test address,150016
18,Kyle,37,test address,150017
19,Kyle,38,test address,150018
20,Kyle,39,test address,150019
21,Kyle,40,test address,150020
22,Kyle,41,test address,150021
23,Kyle,42,test address,150022
24,Kyle,43,test address,150023
25,Kyle,44,test address,150024
26,Kyle,45,test address,150025
27,Kyle,46,test address,150026
28,Kyle,47,test address,150027
29,Kyle,48,test address,150028
30,Kyle,49,test address,150029
31,Kyle,50,test address,150030
32,Kyle,51,test address,150031
33,Kyle,52,test address,150032
34,Kyle,53,test address,150033
35,Kyle,54,test address,150034
36,Kyle,55,test address,150035
37,Kyle,56,test address,150036
38,Kyle,57,test address,150037
39,Kyle,58,test address,150038
40,Kyle,59,test address,150039
41,Kyle,60,test address,150040
42,Kyle,61,test address,150041
43,Kyle,62,test address,150042
44,Kyle,63,test address,150043
45,Kyle,64,test address,150044
46,Kyle,65,test address,150045
47,Kyle,66,test address,150046
48,Kyle,67,test address,150047
49,Kyle,68,test address,150048
50,Kyle,69,test address,150049
